{"count":1,"self":9.7416456,"total":59.4447258,"children":{"InitializeActuators":{"count":18,"self":0.0035269999999999998,"total":0.0035269999999999998,"children":null},"InitializeSensors":{"count":18,"self":0.0020217,"total":0.0020217,"children":null},"AgentSendState":{"count":9284,"self":0.062450399999999996,"total":0.28430099999999997,"children":{"CollectObservations":{"count":16722,"self":0.048162899999999995,"total":0.048162899999999995,"children":null},"WriteActionMask":{"count":16722,"self":0.0095097,"total":0.0095097,"children":null},"RequestDecision":{"count":16722,"self":0.048755299999999994,"total":0.164178,"children":{"AgentInfo.ToProto":{"count":16722,"self":0.0486852,"total":0.11542269999999999,"children":{"GenerateSensorData":{"count":16722,"self":0.066737499999999991,"total":0.066737499999999991,"children":null}}}}}}},"DecideAction":{"count":9284,"self":49.187756799999995,"total":49.187758099999996,"children":null},"AgentAct":{"count":9284,"self":0.19028699999999998,"total":0.19028699999999998,"children":null},"AgentInfo.ToProto":{"count":3036,"self":0.0106179,"total":0.034179,"children":{"GenerateSensorData":{"count":3036,"self":0.023561099999999998,"total":0.023561099999999998,"children":null}}}},"gauges":{"SumoMagnemite.CumulativeReward":{"count":3036,"max":1,"min":-1,"runningAverage":1.41234108E-10,"value":1,"weightedAverage":0.07561462}},"metadata":{"timer_format_version":"0.1.0","start_time_seconds":"1685817088","unity_version":"2021.3.1f1","command_line_arguments":"C:\\Program Files\\Unity\\Hub\\Editor\\2021.3.1f1\\Editor\\Unity.exe -rebuildlibrary -cloudEnvironment production -projectpath C:\\ML Agents\\PokAImon\\PokAImon","communication_protocol_version":"1.5.0","com.unity.ml-agents_version":"2.2.1-exp.1","scene_name":"Magnemite_Battle","end_time_seconds":"1685817147"}}