{"count":1,"self":616.39746559999992,"total":3409.8545768,"children":{"InitializeActuators":{"count":18,"self":0.0020001999999999997,"total":0.0020001999999999997,"children":null},"InitializeSensors":{"count":18,"self":0.0025402,"total":0.0025402,"children":null},"AgentSendState":{"count":555984,"self":20.0132448,"total":37.231394699999996,"children":{"CollectObservations":{"count":1000818,"self":1.7389626,"total":1.7389626,"children":null},"WriteActionMask":{"count":1000818,"self":0.73682799999999993,"total":0.73682799999999993,"children":null},"RequestDecision":{"count":1000818,"self":3.1594048,"total":14.74236,"children":{"AgentInfo.ToProto":{"count":1000818,"self":2.7042048,"total":11.582955199999999,"children":{"GenerateSensorData":{"count":1000818,"self":7.5720008,"total":8.8787504999999989,"children":{"RayPerceptionSensor.Perceive":{"count":1000818,"self":1.3067494,"total":1.3067494,"children":null}}}}}}}}},"DecideAction":{"count":555984,"self":2741.341184,"total":2741.3411686,"children":null},"AgentAct":{"count":555984,"self":13.765792,"total":13.7657925,"children":null},"AgentInfo.ToProto":{"count":69750,"self":0.2984113,"total":1.1121982,"children":{"GenerateSensorData":{"count":69750,"self":0.70303339999999992,"total":0.8137869,"children":{"RayPerceptionSensor.Perceive":{"count":69750,"self":0.11075349999999999,"total":0.11075349999999999,"children":null}}}}}},"gauges":{"SumoMagnemite.CumulativeReward":{"count":69750,"max":1,"min":-1,"runningAverage":-0.03756274,"value":-1,"weightedAverage":-0.903623343}},"metadata":{"timer_format_version":"0.1.0","start_time_seconds":"1685893219","unity_version":"2021.3.1f1","command_line_arguments":"C:\\Program Files\\Unity\\Hub\\Editor\\2021.3.1f1\\Editor\\Unity.exe -projectpath C:\\ML Agents\\PokAImon\\PokAImon -useHub -hubIPC -cloudEnvironment production -licensingIpc LicenseClient-coles -hubSessionId 21fe81f0-0190-11ee-aaf9-9f863b07e231","communication_protocol_version":"1.5.0","com.unity.ml-agents_version":"2.2.1-exp.1","scene_name":"Ray_Magnemite_Battle","end_time_seconds":"1685896628"}}