{"count":1,"self":1047.1424,"total":10985.6799108,"children":{"InitializeActuators":{"count":18,"self":0.0036220999999999996,"total":0.0036220999999999996,"children":null},"InitializeSensors":{"count":18,"self":0.0025111,"total":0.0025111,"children":null},"AgentSendState":{"count":1116884,"self":18.4501328,"total":2600.8281484999998,"children":{"CollectObservations":{"count":2010528,"self":8.2786656,"total":8.2786657999999989,"children":null},"WriteActionMask":{"count":2010528,"self":3.3936248,"total":3.3936249999999997,"children":null},"RequestDecision":{"count":2010528,"self":14.679991999999999,"total":2570.7057247,"children":{"AgentInfo.ToProto":{"count":2010528,"self":13.0387872,"total":2556.0257321999998,"children":{"GenerateSensorData":{"count":2010528,"self":54.8573312,"total":2542.9869452999997,"children":{"CameraSensor.GetCompressedObservation":{"count":2010528,"self":2488.129536,"total":2488.1296159,"children":null}}}}}}}}},"DecideAction":{"count":1116884,"self":7251.7206016,"total":7251.7203455,"children":null},"AgentAct":{"count":1116884,"self":33.8355968,"total":33.8355968,"children":null},"AgentInfo.ToProto":{"count":27406,"self":0.224276,"total":52.146259199999996,"children":{"GenerateSensorData":{"count":27406,"self":0.8256762,"total":51.9219832,"children":{"CameraSensor.GetCompressedObservation":{"count":27406,"self":51.0963072,"total":51.096306999999996,"children":null}}}}}},"gauges":{"SumoMagnemite.CumulativeReward":{"count":27406,"max":1,"min":-1,"runningAverage":-0.584083736,"value":1,"weightedAverage":-0.469157726}},"metadata":{"timer_format_version":"0.1.0","start_time_seconds":"1685997277","unity_version":"2021.3.1f1","command_line_arguments":"C:\\Program Files\\Unity\\Hub\\Editor\\2021.3.1f1\\Editor\\Unity.exe -projectpath C:\\ML Agents\\PokAImon\\PokAImon -useHub -hubIPC -cloudEnvironment production -licensingIpc LicenseClient-coles -hubSessionId acbc2450-03b1-11ee-b74f-f34ef4a1a3c7","communication_protocol_version":"1.5.0","com.unity.ml-agents_version":"2.2.1-exp.1","scene_name":"Vision_Magnemite_Battle","end_time_seconds":"1686008263"}}