{
    "name": "root",
    "gauges": {
        "SumoMagnemite.Policy.Entropy.mean": {
            "value": 1.319521188735962,
            "min": 1.31218421459198,
            "max": 1.4183803796768188,
            "count": 27
        },
        "SumoMagnemite.Policy.Entropy.sum": {
            "value": 52680.5625,
            "min": 52565.015625,
            "max": 57929.4921875,
            "count": 27
        },
        "SumoMagnemite.Environment.EpisodeLength.mean": {
            "value": 170.30172413793105,
            "min": 55.86079545454545,
            "max": 187.3551401869159,
            "count": 27
        },
        "SumoMagnemite.Environment.EpisodeLength.sum": {
            "value": 39510.0,
            "min": 38478.0,
            "max": 40636.0,
            "count": 27
        },
        "SumoMagnemite.Self-play.ELO.mean": {
            "value": 1395.3321518063788,
            "min": 1214.3972038256818,
            "max": 1399.807202295045,
            "count": 27
        },
        "SumoMagnemite.Self-play.ELO.sum": {
            "value": 161858.52960953992,
            "min": 148186.8517876684,
            "max": 427467.81574664,
            "count": 27
        },
        "SumoMagnemite.Step.mean": {
            "value": 539989.0,
            "min": 19956.0,
            "max": 539989.0,
            "count": 27
        },
        "SumoMagnemite.Step.sum": {
            "value": 539989.0,
            "min": 19956.0,
            "max": 539989.0,
            "count": 27
        },
        "SumoMagnemite.Policy.ExtrinsicValueEstimate.mean": {
            "value": 0.045644279569387436,
            "min": 0.016996297985315323,
            "max": 0.49730896949768066,
            "count": 27
        },
        "SumoMagnemite.Policy.ExtrinsicValueEstimate.sum": {
            "value": 9.676587104797363,
            "min": 3.6542041301727295,
            "max": 138.25189208984375,
            "count": 27
        },
        "SumoMagnemite.Environment.CumulativeReward.mean": {
            "value": 0.21739130434782608,
            "min": 0.018867924528301886,
            "max": 0.8211009174311926,
            "count": 27
        },
        "SumoMagnemite.Environment.CumulativeReward.sum": {
            "value": 25.0,
            "min": 2.0,
            "max": 179.0,
            "count": 27
        },
        "SumoMagnemite.Policy.ExtrinsicReward.mean": {
            "value": 0.21739130434782608,
            "min": 0.018867924528301886,
            "max": 0.8211009174311926,
            "count": 27
        },
        "SumoMagnemite.Policy.ExtrinsicReward.sum": {
            "value": 25.0,
            "min": 2.0,
            "max": 179.0,
            "count": 27
        },
        "SumoMagnemite.Losses.PolicyLoss.mean": {
            "value": 0.07023363925278923,
            "min": 0.06146940309015379,
            "max": 0.07259456826095292,
            "count": 27
        },
        "SumoMagnemite.Losses.PolicyLoss.sum": {
            "value": 0.7023363925278924,
            "min": 0.5532246278113842,
            "max": 0.7028246761098368,
            "count": 27
        },
        "SumoMagnemite.Losses.ValueLoss.mean": {
            "value": 0.007375059717105614,
            "min": 0.0016723224298065935,
            "max": 0.1285985868803605,
            "count": 27
        },
        "SumoMagnemite.Losses.ValueLoss.sum": {
            "value": 0.07375059717105614,
            "min": 0.015050901868259341,
            "max": 1.1573872819232445,
            "count": 27
        },
        "SumoMagnemite.Policy.LearningRate.mean": {
            "value": 0.00026819497660167797,
            "min": 0.00026819497660167797,
            "max": 0.0002993732935422355,
            "count": 27
        },
        "SumoMagnemite.Policy.LearningRate.sum": {
            "value": 0.00268194976601678,
            "min": 0.0024244815318395195,
            "max": 0.0029818111260629596,
            "count": 27
        },
        "SumoMagnemite.Policy.Epsilon.mean": {
            "value": 0.189398322,
            "min": 0.189398322,
            "max": 0.19979109777777782,
            "count": 27
        },
        "SumoMagnemite.Policy.Epsilon.sum": {
            "value": 1.8939832200000002,
            "min": 1.7081604799999999,
            "max": 1.99393704,
            "count": 27
        },
        "SumoMagnemite.Policy.Beta.mean": {
            "value": 0.004470976267800001,
            "min": 0.004470976267800001,
            "max": 0.004989575779111111,
            "count": 27
        },
        "SumoMagnemite.Policy.Beta.sum": {
            "value": 0.044709762678000003,
            "min": 0.04041720795200001,
            "max": 0.049697458296,
            "count": 27
        },
        "SumoMagnemite.IsTraining.mean": {
            "value": 1.0,
            "min": 1.0,
            "max": 1.0,
            "count": 27
        },
        "SumoMagnemite.IsTraining.sum": {
            "value": 1.0,
            "min": 1.0,
            "max": 1.0,
            "count": 27
        }
    },
    "metadata": {
        "timer_format_version": "0.1.0",
        "start_time_seconds": "1685932000",
        "python_version": "3.9.13 (tags/v3.9.13:6de2ca5, May 17 2022, 16:36:42) [MSC v.1929 64 bit (AMD64)]",
        "command_line_arguments": "C:\\ML Agents\\envs\\ml_agents\\Scripts\\mlagents-learn config\\SumoMagnemiteVis.yaml --run-id=SumoMagnemiteVisSimpleV4 --force",
        "mlagents_version": "0.30.0",
        "mlagents_envs_version": "0.30.0",
        "communication_protocol_version": "1.5.0",
        "pytorch_version": "1.7.1+cu110",
        "numpy_version": "1.21.2",
        "end_time_seconds": "1685936380"
    },
    "total": 4379.3756132,
    "count": 1,
    "self": 0.004554500000267581,
    "children": {
        "run_training.setup": {
            "total": 0.28771219999999964,
            "count": 1,
            "self": 0.28771219999999964
        },
        "TrainerController.start_learning": {
            "total": 4379.0833465,
            "count": 1,
            "self": 2.288549699937903,
            "children": {
                "TrainerController._reset_env": {
                    "total": 9.897339699999769,
                    "count": 6,
                    "self": 9.897339699999769
                },
                "TrainerController.advance": {
                    "total": 4366.771635900061,
                    "count": 64500,
                    "self": 1.9647253000393903,
                    "children": {
                        "env_step": {
                            "total": 3737.2428237000004,
                            "count": 64500,
                            "self": 3177.310801700101,
                            "children": {
                                "SubprocessEnvManager._take_step": {
                                    "total": 557.6257859999653,
                                    "count": 64500,
                                    "self": 14.160651399952485,
                                    "children": {
                                        "TorchPolicy.evaluate": {
                                            "total": 543.4651346000128,
                                            "count": 122386,
                                            "self": 543.4651346000128
                                        }
                                    }
                                },
                                "workers": {
                                    "total": 2.3062359999340245,
                                    "count": 64499,
                                    "self": 0.0,
                                    "children": {
                                        "worker_root": {
                                            "total": 4297.6334513000365,
                                            "count": 64499,
                                            "is_parallel": true,