{
    "name": "root",
    "gauges": {
        "SumoMagnemite.Policy.Entropy.mean": {
            "value": 1.3890783786773682,
            "min": 1.3890783786773682,
            "max": 1.4170889854431152,
            "count": 6
        },
        "SumoMagnemite.Policy.Entropy.sum": {
            "value": 56482.703125,
            "min": 55699.25,
            "max": 57953.2734375,
            "count": 6
        },
        "SumoMagnemite.Environment.EpisodeLength.mean": {
            "value": 93.74146341463414,
            "min": 55.82808022922636,
            "max": 120.38690476190476,
            "count": 6
        },
        "SumoMagnemite.Environment.EpisodeLength.sum": {
            "value": 38434.0,
            "min": 38434.0,
            "max": 40450.0,
            "count": 6
        },
        "SumoMagnemite.Self-play.ELO.mean": {
            "value": 1354.6315100854001,
            "min": 1197.5170107203096,
            "max": 1354.6315100854001,
            "count": 6
        },
        "SumoMagnemite.Self-play.ELO.sum": {
            "value": 277699.45956750703,
            "min": 220205.5131428428,
            "max": 417933.43674138805,
            "count": 6
        },
        "SumoMagnemite.Step.mean": {
            "value": 119959.0,
            "min": 19961.0,
            "max": 119959.0,
            "count": 6
        },
        "SumoMagnemite.Step.sum": {
            "value": 119959.0,
            "min": 19961.0,
            "max": 119959.0,
            "count": 6
        },
        "SumoMagnemite.Policy.ExtrinsicValueEstimate.mean": {
            "value": 0.28751516342163086,
            "min": 0.03249878063797951,
            "max": 0.42266684770584106,
            "count": 6
        },
        "SumoMagnemite.Policy.ExtrinsicValueEstimate.sum": {
            "value": 81.36679077148438,
            "min": 12.02454948425293,
            "max": 115.38804626464844,
            "count": 6
        },
        "SumoMagnemite.Environment.CumulativeReward.mean": {
            "value": 0.6829268292682927,
            "min": 0.0830945558739255,
            "max": 0.6904761904761905,
            "count": 6
        },
        "SumoMagnemite.Environment.CumulativeReward.sum": {
            "value": 140.0,
            "min": 29.0,
            "max": 145.0,
            "count": 6
        },
        "SumoMagnemite.Policy.ExtrinsicReward.mean": {
            "value": 0.6829268292682927,
            "min": 0.0830945558739255,
            "max": 0.6904761904761905,
            "count": 6
        },
        "SumoMagnemite.Policy.ExtrinsicReward.sum": {
            "value": 140.0,
            "min": 29.0,
            "max": 145.0,
            "count": 6
        },
        "SumoMagnemite.Losses.PolicyLoss.mean": {
            "value": 0.07346394539595671,
            "min": 0.06460883487329738,
            "max": 0.07417453492962521,
            "count": 6
        },
        "SumoMagnemite.Losses.PolicyLoss.sum": {
            "value": 0.7346394539595672,
            "min": 0.5927878145175782,
            "max": 0.7346394539595672,
            "count": 6
        },
        "SumoMagnemite.Losses.ValueLoss.mean": {
            "value": 0.026860514878043674,
            "min": 0.02138680906452161,
            "max": 0.14218563829652137,
            "count": 6
        },
        "SumoMagnemite.Losses.ValueLoss.sum": {
            "value": 0.26860514878043673,
            "min": 0.2138680906452161,
            "max": 1.2796707446686924,
            "count": 6
        },
        "SumoMagnemite.Policy.LearningRate.mean": {
            "value": 0.000293383130205624,
            "min": 0.000293383130205624,
            "max": 0.00029937542020819333,
            "count": 6
        },
        "SumoMagnemite.Policy.LearningRate.sum": {
            "value": 0.00293383130205624,
            "min": 0.0026512815162394996,
            "max": 0.00298176864607712,
            "count": 6
        },
        "SumoMagnemite.Policy.Epsilon.mean": {
            "value": 0.19779437600000002,
            "min": 0.19779437600000002,
            "max": 0.19979180666666668,
            "count": 6
        },
        "SumoMagnemite.Policy.Epsilon.sum": {
            "value": 1.9779437600000003,
            "min": 1.7837605,
            "max": 1.9939228800000004,
            "count": 6
        },
        "SumoMagnemite.Policy.Beta.mean": {
            "value": 0.0048899393624,
            "min": 0.0048899393624,
            "max": 0.004989611152666666,
            "count": 6
        },
        "SumoMagnemite.Policy.Beta.sum": {
            "value": 0.048899393624,
            "min": 0.04418964895,
            "max": 0.04969675171200001,
            "count": 6
        },
        "SumoMagnemite.IsTraining.mean": {
            "value": 1.0,
            "min": 1.0,
            "max": 1.0,
            "count": 6
        },
        "SumoMagnemite.IsTraining.sum": {
            "value": 1.0,
            "min": 1.0,
            "max": 1.0,
            "count": 6
        }
    },
    "metadata": {
        "timer_format_version": "0.1.0",
        "start_time_seconds": "1685936401",
        "python_version": "3.9.13 (tags/v3.9.13:6de2ca5, May 17 2022, 16:36:42) [MSC v.1929 64 bit (AMD64)]",
        "command_line_arguments": "C:\\ML Agents\\envs\\ml_agents\\Scripts\\mlagents-learn config\\SumoMagnemiteVis.yaml --run-id=SumoMagnemiteVisSimpleV6FullyConnected32 --force",
        "mlagents_version": "0.30.0",
        "mlagents_envs_version": "0.30.0",
        "communication_protocol_version": "1.5.0",
        "pytorch_version": "1.7.1+cu110",
        "numpy_version": "1.21.2",
        "end_time_seconds": "1685937397"
    },
    "total": 996.1990059000001,
    "count": 1,
    "self": 0.007705400000077134,
    "children": {
        "run_training.setup": {
            "total": 0.18891500000000006,
            "count": 1,
            "self": 0.18891500000000006
        },
        "TrainerController.start_learning": {
            "total": 996.0023855000001,
            "count": 1,
            "self": 0.5980785999980753,
            "children": {
                "TrainerController._reset_env": {
                    "total": 19.213777099999994,
                    "count": 2,
                    "self": 19.213777099999994
                },
                "TrainerController.advance": {
                    "total": 976.030965400002,
                    "count": 16706,
                    "self": 0.5405365000060556,
                    "children": {
                        "env_step": {
                            "total": 842.8336133999948,
                            "count": 16706,
                            "self": 708.5468896999944,
                            "children": {
                                "SubprocessEnvManager._take_step": {
                                    "total": 133.7449361999966,
                                    "count": 16706,
                                    "self": 3.79033380000115,
                                    "children": {
                                        "TorchPolicy.evaluate": {
                                            "total": 129.95460239999545,
                                            "count": 30910,
                                            "self": 129.95460239999545
                                        }
                                    }
                                },
                                "workers": {
                                    "total": 0.5417875000037427,
                                    "count": 16706,
                                    "self": 0.0,
                                    "children": {
                                        "worker_root": {
                                            "total": 977.2114035000069,
                                            "count": 16706,
                                            "is_parallel": true,