{"cameraMode":{"drawMode":0,"name":"Shaded","section":"Shading Mode"},"sceneLighting":false,"audioPlay":false,"sceneViewState":{"m_AlwaysRefresh":false,"showFog":true,"showSkybox":false,"showFlares":true,"showImageEffects":true,"showParticleSystems":true,"showVisualEffectGraphs":true,"m_FxEnabled":true},"in2DMode":false,"pivot":{"x":-5.960464477539063e-7,"y":2.1500000953674318,"z":7.152557373046875e-7},"rotation":{"x":0.20405465364456178,"y":0.004405301995575428,"z":-0.0009182522189803422,"w":0.9789494276046753},"size":2.332465410232544,"orthographic":false}